domain,url
aaacbdhempflower.com,
airbnbwaterfall.com,
brain.reggieanddro.com,
cannabiscookiestexas.com,
exoticcanopysolutions.com,
exoticcbdhempflower.com,
freeweedsanantonio.com,
freeweedtexas.com,
getlooseyoga.com,
herbitrage.com,
highfromhemp.com,
jesseniesen.com,
loudcbdbuds.com,
loudcbdflower.com,
oneplantsolution.com,
reggieanddro.com,
shop.reggieanddro.com,
smokingyoga.com,
terpwerk.com,
texascannabiscookies.com,
thcacannabisdispensary.com,
thcaflowerstx.com,
thcaflowertx.com,
thcasanantonio.com,
tier1treecare.com,
tokinyoga.com,
voice.reggieanddro.com,
www.herbitrage.com,
