Domain Name,Expiration Date,365-Day Unique Searchers,Estimated Value
aaacbdhempflower.com,2026-01-18,0,$ 370.00
adcopysi.com,2026-09-24,0,$ 38.00
ageverifysi.com,2026-09-24,0,$ 30.00
aicrisiscoach.com,2026-09-24,0,$ 16.00
aicrisisconsult.com,2026-09-24,0,$ 12.00
airbnbwaterfall.com,2026-09-20,0,$ 939.00
autocodesi.com,2026-09-24,0,$ 32.00
bizflowsi.com,2026-09-24,0,$ 12.00
californiaenergyai.com,2026-09-24,0,$ 21.00
camedicalai.com,2026-09-24,0,$ 37.00
cannabiscookiestexas.com,2025-11-16,0,$ 12.00
cannabisretailai.com,2026-09-24,0,$ 35.00
cannabisretailsi.com,2026-09-24,0,$ 30.00
clinicaldataai.com,2026-09-24,0,$ 40.00
clinicaldatasi.com,2026-09-24,0,$ 45.00
codenexusai.com,2026-09-24,0,$ 26.00
codenexussi.com,2026-09-24,0,$ 17.00
contentenginesi.com,2026-09-24,0,$ 26.00
devflowsi.com,2026-09-24,0,$ 10.00
exoticcanopysolutions.com,2026-09-16,0,$ 365.00
exoticcbdhempflower.com,2026-01-18,0,$ 138.00
firecbdbuds.com,2025-12-23,0,$ 697.00
freelegalweedsanantonio.com,2026-08-26,0,$ 3.00
freethcaflower.com,2026-05-13,0,$ 11.00
freeweedsanantonio.com,2026-01-11,0,$ 9.00
freeweedtexas.com,2026-01-11,0,$ 18.00
getlooseyoga.com,2026-02-10,1,$ 729.00
hempress3.com,2026-09-16,0,$ 366.00
hempretailai.com,2026-09-24,0,$ 18.00
hempretailsi.com,2026-09-24,0,$ 17.00
herbitrage.com,2026-05-24,0,"$ 1,386.00"
highfromhemp.com,2026-03-13,0,"$ 1,221.00"
highnooncartoon.com,2026-01-27,1,$ 5.00
jesseniesen.com,2025-10-16,1,$ 18.00
livhana.ai,2027-09-25,0,$ 26.00
loudcbdbuds.com,2025-12-23,0,$ 548.00
loudcbdflower.com,2025-12-23,0,$ 516.00
oneplantsolution.com,2026-07-22,2,$ 19.00
reggieanddro.com,2026-08-18,0,$ 739.00
reggieanddroalice.com,2026-02-05,0,$ 3.00
reggieanddrocannabisstore.com,2026-08-17,0,$ 1.00
reggieanddrodispensary.com,2025-11-16,2,$ 2.00
reggieanddrosanantonio.com,2026-07-20,0,$ 1.00
reggieanddrosanantoniotx.com,2026-08-17,0,$ 1.00
reggieanddrosocialclub.com,2026-09-16,0,$ 2.00
reggieanddrostoneoak.com,2026-08-17,0,$ 1.00
reggieanddrotexas.com,2026-08-17,0,$ 3.00
retailopssi.com,2026-09-24,0,$ 23.00
shipcodeai.com,2026-09-24,0,$ 33.00
shipcodesi.com,2026-09-24,0,$ 25.00
siartisan.com,2026-09-24,0,"$ 1,415.00"
sinsamillahemp.com,2026-03-22,0,$ 223.00
smokingyoga.com,2026-02-10,1,"$ 2,231.00"
strategysi.com,2026-09-24,0,$ 89.00
terpwerk.com,2026-09-14,1,$ 820.00
texascannabiscookies.com,2025-11-16,0,$ 13.00
texascoa.com,2026-09-24,0,"$ 1,351.00"
texasenergyai.com,2026-09-24,0,$ 23.00
thcacannabisdispensary.com,2026-05-13,0,$ 34.00
thcaflowerstx.com,2026-05-13,0,$ 8.00
thcaflowertx.com,2026-05-13,0,$ 11.00
thcasanantonio.com,2026-05-13,0,$ 11.00
tier1treecare.com,2025-10-14,0,$ 17.00
tokinyoga.com,2026-02-10,1,$ 38.00
txmedicalai.com,2026-09-24,0,$ 27.00
txsupplychain.com,2026-09-24,0,"$ 1,339.00"
vibecodeliv.com,2026-09-24,0,$ 22.00
wealthtechsi.com,2026-09-24,0,$ 33.00
xn--reggieanddr-v9b.com,2026-09-15,0,$ 0.00
